output,type,embedded_in_manuscript,producer,run_command,writer_verified,notes
sample_table.tex,table,yes,scripts/make_sample_table.py,python scripts/make_sample_table.py,yes,write_text at L148; records source commit. Faber2026-local.
budget_table.tex,table,yes,pipeline/galaxies/foreground/budget_table_emitter.py (+ sightline_budget.format_budget_table_tex),cd pipeline && uv run python -m galaxies.foreground.budget_table_emitter --out ../budget_table.tex,yes,GENERATED (2026-07-08): emitter galaxies/foreground/budget_table_emitter.py renders from galaxies/foreground/budget_table_data.json (12-row single source of truth); re-exported via sightline_budget.format_budget_table_tex(). Parity test galaxies/foreground/test_budget_table_emitter.py: byte-exact vs exports/budget_table.tex AND DM_host median^+p84_-p16 cross-checked value-for-value against scripts/dm_budget_uncertainty.py forward-model posteriors (9/9 non-placeholder sightlines). Root .tex is banner-marked generated; \input path unchanged (Overleaf-safe). tau_obs column still withheld pending V1 ladder. Submodule.
foreground_table.tex,table,yes,pipeline/galaxies/foreground/foreground_table_emitter.py,cd pipeline && uv run python -m galaxies.foreground.foreground_table_emitter --out ../foreground_table.tex,yes,GENERATED (2026-07-08): emitter galaxies/foreground/foreground_table_emitter.py renders from galaxies/foreground/foreground_table_data.json (28-row single source). Parity test galaxies/foreground/test_foreground_table_emitter.py: byte-exact vs exports/foreground_table.tex AND every numeric object ID's verdict cross-checked against data/intervening_census_registry.csv (27/27 registry-resident rows). Table is a curated subset of the registry's confirmed+inconclusive systems (refuted omitted; cluster ID from WenHan2024). Root .tex is banner-marked generated; \input path unchanged. Submodule.
beta_table.tex,table,no,pipeline/analysis/beta_campaign/export_beta_table.py,cd pipeline && uv run python analysis/beta_campaign/export_beta_table.py,yes,Emits beta_table_rows.tex (data rows) at L82; caption/shell in Faber2026 beta_table.tex. NOT \input yet (awaiting beta SLOT). Submodule producer.
figures/dm_host_posteriors.pdf,figure,yes,scripts/dm_budget_uncertainty.py,python scripts/dm_budget_uncertainty.py,yes,savefig L268-269. Faber2026-local.
figures/ne2025_mw_characterization_nside32.pdf,figure,yes,scripts/plot_ne2025_mw_properties.py,python scripts/plot_ne2025_mw_properties.py --nside 32,yes,argparse; savefig L257-258 with suffix='_nside32' (L80). Uses scripts/ne2025_allsky_cache_nside32.npz. Faber2026-local.
figures/sightline_halo_grid.pdf,figure,yes,pipeline/galaxies/v2_0/sightline_halo_grid.py,cd pipeline && uv run python galaxies/v2_0/sightline_halo_grid.py --out-dir ../figures,yes,argparse --out-dir; savefig L348. Submodule producer.
figures/clusters_icm.pdf,figure,yes,pipeline/galaxies/v2_0/systems_figures.py,cd pipeline && uv run python galaxies/v2_0/systems_figures.py,candidate,"Multi-figure script (also galaxies_cgm, sightline_dm_scattering_budget). Per-figure savefig not isolated. Submodule."
figures/association_cards/association_card_*.pdf,figure,yes,pipeline/crossmatching/plot_association_cards.py,cd pipeline && uv run python crossmatching/plot_association_cards.py,yes,"savefig L288; copies card PDFs to the manuscript figures dir. Output path is now a repo-relative default (ROOT.parent/figures/association_cards) derived from the file location, overridable with --manuscript-dir; --no-manuscript-copy skips the copy for standalone submodule checkouts. Fully clone-safe as of 2026-07-08 (previously a hardcoded machine path). Submodule."
figures/jointmodel_pair/*_jointmodel_pair.pdf,figure,yes,pipeline/analysis/scattering-refit-2026-06/plot_jointmodel_pair.py,cd pipeline && conda run -n flits python analysis/scattering-refit-2026-06/plot_jointmodel_pair.py,yes,Writes png+pdf+svg (L120-122) to figures/prototypes/jointmodel_pair/; winners promoted to figures/jointmodel_pair/. Submodule.
figures/ne2025_mw_characterization.pdf,figure,no,scripts/plot_ne2025_mw_properties.py,python scripts/plot_ne2025_mw_properties.py,yes,"ORPHAN (not embedded; only the _nside32 variant is). Default --nside 8 => empty suffix (L80), savefig L257-258. Faber2026-local."
figures/galaxies_cgm.pdf,figure,no,pipeline/galaxies/v2_0/systems_figures.py,cd pipeline && uv run python galaxies/v2_0/systems_figures.py,candidate,Staged. Multi-fig script. Submodule.
figures/sightline_dm_scattering_budget.pdf,figure,no,pipeline/galaxies/foreground/sightline_budget.py,cd pipeline && uv run python galaxies/foreground/sightline_budget.py,candidate,Staged. Same module emits the sightline_dm_scattering_budget.md/.csv budget text (L1104-1107). Submodule.
figures/jointmodel_montage.pdf,figure,no,pipeline/analysis/scattering-refit-2026-06/plot_jointmodel_montage.py,cd pipeline && conda run -n flits python analysis/scattering-refit-2026-06/plot_jointmodel_montage.py,candidate,Staged. Submodule.
figures/alpha_pbf_systematic.pdf,figure,no,pipeline/analysis/scattering-refit-2026-06/plot_alpha_pbf_systematic.py,cd pipeline && conda run -n flits python analysis/scattering-refit-2026-06/plot_alpha_pbf_systematic.py,yes,Staged (alpha-limit language parked). savefig L189 (stem+ext loop). Submodule.
figures/chime_subband_compare.pdf,figure,no,pipeline/analysis/scattering-refit-2026-06/chime_subband_compare.py,cd pipeline && conda run -n flits python analysis/scattering-refit-2026-06/chime_subband_compare.py,candidate,Staged. Submodule.
figures/subband_tau_validation_grid.pdf,figure,no,pipeline/analysis/scattering-refit-2026-06/joint_ladder/_subband_tau_validation.py,cd pipeline && conda run -n flits python analysis/scattering-refit-2026-06/joint_ladder/_subband_tau_validation.py,candidate,Staged. Submodule.
figures/codetection_scint_excess.pdf,figure,no,pipeline/analysis/scattering-refit-2026-06/scint_census/figbank.py,cd pipeline && conda run -n flits python analysis/scattering-refit-2026-06/scint_census/figbank.py,candidate,figbank.py is a multi-figure bank. Submodule.
figures/pbf_shapes.pdf,figure,no,pipeline/analysis/scattering-refit-2026-06/scint_census/figbank.py,cd pipeline && conda run -n flits python analysis/scattering-refit-2026-06/scint_census/figbank.py,candidate,Via figbank. Submodule.
figures/wilhelm_pbf_evidence.pdf,figure,no,pipeline/analysis/scattering-refit-2026-06/scint_census/figbank.py,cd pipeline && conda run -n flits python analysis/scattering-refit-2026-06/scint_census/figbank.py,candidate,wilhelm=FRB20221203A. Via figbank. Submodule.
figures/wilhelm_scint_dnud_ne2025.pdf,figure,no,pipeline/analysis/scattering-refit-2026-06/scint_census/figbank.py,cd pipeline && conda run -n flits python analysis/scattering-refit-2026-06/scint_census/figbank.py,candidate,wilhelm=FRB20221203A. Via figbank. Submodule.
figures/systematics_check_matrix.pdf,figure,no,pipeline/crossmatching/plotting.py,cd pipeline && uv run python crossmatching/plotting.py,candidate,Multi-fig module. Submodule.
figures/toa_crossmatch_analysis_premium.pdf,figure,no,pipeline/crossmatching/plotting.py,cd pipeline && uv run python crossmatching/plotting.py,candidate,Multi-fig module. Submodule.
figures/freya_dsa_gamma_summary.pdf,figure,no,pipeline/scintillation/scint_analysis/plotting.py::plot_subband_gamma_summary,(no committed CLI caller; run plot_subband_gamma_summary with save_path against scintillation/configs/bursts/freya_dsa.yaml Lorentzian fits),candidate,"RESOLVED to producing function via commit 18fbe98 ('freya DSA gamma(nu) summary — manuscript export'): plot_subband_gamma_summary (FLITS #130), run at pinned submodule 25b8cc6 with freya_dsa.yaml fits. save_path is caller-supplied; no committed script passes the freya_dsa_gamma_summary stem. freya=FRB20230325A. Submodule."
figures/whitney_multiplicity.pdf,figure,no,(unresolved — committed as binary),(unknown),unresolved,"Committed as a binary copy-in (commit 438825f, alongside alpha_pbf_systematic.pdf); no producer script in the current tree. Framed (commit b96aa29) as whitney's 1-component multiplicity demo illustrating the [1.5,6.0] prior (alpha rails to 1.5); whitney stays 2-component canonical. Likely a local/HPC burstfit run not committed. whitney=FRB20220310F. Needs author confirmation. Submodule scope."
